2019-12-04, 21:28:07:97, Registration, "Data Store Error", ID_0001,
2019-12-04, 21:28:07:98, Authentication, "Invalid Access Error", ID_0321,
2019-12-04, 21:28:07:98, Authentication, "Invalid Access Error", ID_0321,
2019-12-04, 21:28:07:98, Authentication, "Invalid Access Error", ID_0321,
2019-12-04, 21:28:07:98, Authentication, "Invalid Access Error", ID_0321,
2019-12-04, 21:28:07:98, Authentication, "Invalid Access Error", ID_0321,
2019-12-04, 21:28:07:98, Authentication, "Invalid Access Error", ID_0321,
2019-12-04, 21:28:07:98, Authentication, "Invalid Access Error", ID_0321,
2019-12-04, 21:28:07:98, Authentication, "Invalid Access Error", ID_0321,
2019-12-04, 21:28:07:98, Authentication, "Invalid Access Error", ID_0321,
2019-12-04, 21:28:07:98, Authentication, "Invalid Access Error", ID_0321,
2019-12-04, 21:28:07:98, Authentication, "Invalid Access Error", ID_0321,
2019-12-04, 21:28:07:98, Authentication, "Invalid Access Error", ID_0321,
2019-12-04, 21:28:07:98, Authentication, "Invalid Access Error", ID_0321,
2019-12-04, 21:28:07:98, Authentication, "Invalid Access Error", ID_0321,
2019-12-04, 21:28:07:98, Authentication, "Invalid Access Error", ID_0321,
2019-12-04, 21:28:07:98, Authentication, "Invalid Access Error", ID_0321,
2019-12-04, 21:28:07:98, Authentication, "Invalid Access Error", ID_0321,
2019-12-04, 21:28:07:98, Authentication, "Invalid Access Error", ID_0321,
2019-12-04, 21:28:07:98, Authentication, "Invalid Access Error", ID_0321,
2019-12-04, 21:28:07:98, Authentication, "Invalid Access Error", ID_0321,
2019-12-04, 21:28:07:98, Authentication, "Invalid Access Error", ID_0321,
2019-12-04, 21:28:07:98, Authentication, "Invalid Access Error", ID_0321,
2019-12-04, 21:28:07:98, Authentication, "Invalid Access Error", ID_0321,
2019-12-04, 21:28:07:98, Authentication, "Invalid Access Error", ID_0321,
2019-12-04, 21:28:07:98, Authentication, "Invalid Access Error", ID_0321,
2019-12-04, 21:28:07:98, Authentication, "Invalid Access Error", ID_0321,
2019-12-04, 21:28:07:98, Authentication, "Invalid Access Error", ID_0321,
2019-12-04, 21:28:07:98, Authentication, "Invalid Access Error", ID_0321,
2019-12-04, 21:28:07:98, Authentication, "Invalid Access Error", ID_0321,
2019-12-04, 21:28:07:98, Authentication, "Invalid Access Error", ID_0321,
2019-12-04, 21:28:07:98, Authentication, "Invalid Access Error", ID_0321,
2019-12-04, 21:28:07:98, Authentication, "Invalid Access Error", ID_0321,
2019-12-04, 21:28:07:98, Authentication, "Invalid Access Error", ID_0321,
2019-12-04, 21:28:07:98, Authentication, "Invalid Access Error", ID_0321,
2019-12-04, 21:28:07:98, Authentication, "Invalid Access Error", ID_0321,
2019-12-04, 21:28:07:98, Authentication, "Invalid Access Error", ID_0321,
2019-12-04, 21:28:07:98, Authentication, "Invalid Access Error", ID_0321,
2019-12-04, 21:28:07:98, Authentication, "Invalid Access Error", ID_0321,
2019-12-04, 21:28:07:98, Authentication, "Invalid Access Error", ID_0321,
2019-12-04, 21:28:07:98, Authentication, "Invalid Access Error", ID_0321,
2019-12-04, 21:28:07:98, Authentication, "Invalid Access Error", ID_0321,
2019-12-04, 21:28:07:98, Authentication, "Invalid Access Error", ID_0321,
2019-12-04, 21:28:07:98, Authentication, "Invalid Access Error", ID_0321,
2019-12-04, 21:28:07:98, Authentication, "Invalid Access Error", ID_0321,
2019-12-04, 21:28:07:98, Authentication, "Invalid Access Error", ID_0321,
2019-12-04, 21:28:07:98, Authentication, "Invalid Access Error", ID_0321,
2019-12-04, 21:28:07:98, Authentication, "Invalid Access Error", ID_0321,
2019-12-04, 21:28:07:98, Authentication, "Invalid Access Error", ID_0321,
2019-12-04, 21:28:07:98, Authentication, "Invalid Access Error", ID_0321,
2019-12-04, 21:28:07:98, Authentication, "Invalid Access Error", ID_0321,
2019-12-04, 21:28:07:98, Authentication, "Invalid Access Error", ID_0321,
2019-12-04, 21:28:07:98, Authentication, "Invalid Access Error", ID_0321,
2019-12-04, 21:28:07:98, Authentication, "Invalid Access Error", ID_0321,
2019-12-04, 21:28:07:98, Authentication, "Invalid Access Error", ID_0321,
2019-12-04, 21:28:07:98, Authentication, "Invalid Access Error", ID_0321,
2019-12-04, 21:28:07:98, Authentication, "Invalid Access Error", ID_0321,
2019-12-04, 21:28:07:98, Authentication, "Invalid Access Error", ID_0321,
2019-12-04, 21:28:07:98, Authentication, "Invalid Access Error", ID_0321,
2019-12-04, 21:28:07:98, Authentication, "Invalid Access Error", ID_0321,
2019-12-04, 21:28:07:98, Authentication, "Invalid Access Error", ID_0321,
2019-12-04, 21:28:07:98, Authentication, "Invalid Access Error", ID_0321,
2019-12-04, 21:28:07:98, Authentication, "Invalid Access Error", ID_0321,
2019-12-04, 21:28:07:98, Authentication, "Invalid Access Error", ID_0321,
2019-12-04, 21:28:07:98, Authentication, "Invalid Access Error", ID_0321,
2019-12-04, 21:28:07:98, Authentication, "Invalid Access Error", ID_0321,
2019-12-04, 21:28:07:98, Authentication, "Invalid Access Error", ID_0321,
2019-12-04, 21:28:07:98, Authentication, "Invalid Access Error", ID_0321,
2019-12-04, 21:28:07:98, Authentication, "Invalid Access Error", ID_0321,
2019-12-04, 21:28:07:98, Authentication, "Invalid Access Error", ID_0321,
2019-12-04, 21:28:07:98, Authentication, "Invalid Access Error", ID_0321,
2019-12-04, 21:28:07:98, Authentication, "Invalid Access Error", ID_0321,
2019-12-04, 21:28:07:98, Authentication, "Invalid Access Error", ID_0321,
2019-12-04, 21:28:07:98, Authentication, "Invalid Access Error", ID_0321,
2019-12-04, 21:28:07:98, Authentication, "Invalid Access Error", ID_0321,
2019-12-04, 21:28:07:98, Authentication, "Invalid Access Error", ID_0321,
2019-12-04, 21:28:07:98, Authentication, "Invalid Access Error", ID_0321,
2019-12-04, 21:28:07:98, Authentication, "Invalid Access Error", ID_0321,
2019-12-04, 21:28:07:98, Authentication, "Invalid Access Error", ID_0321,
2019-12-04, 21:28:07:98, Authentication, "Invalid Access Error", ID_0321,
2019-12-04, 21:28:07:98, Authentication, "Invalid Access Error", ID_0321,
2019-12-04, 21:28:07:98, Authentication, "Invalid Access Error", ID_0321,
2019-12-04, 21:28:07:98, Authentication, "Invalid Access Error", ID_0321,
2019-12-04, 21:28:07:98, Authentication, "Invalid Access Error", ID_0321,
2019-12-04, 21:28:07:98, Authentication, "Invalid Access Error", ID_0321,
2019-12-04, 21:28:07:98, Authentication, "Invalid Access Error", ID_0321,
2019-12-04, 21:28:07:98, Authentication, "Invalid Access Error", ID_0321,
2019-12-04, 21:28:07:98, Authentication, "Invalid Access Error", ID_0321,
2019-12-04, 21:28:07:98, Authentication, "Invalid Access Error", ID_0321,
2019-12-04, 21:28:07:98, Authentication, "Invalid Access Error", ID_0321,
2019-12-04, 21:28:07:98, Authentication, "Invalid Access Error", ID_0321,
2019-12-04, 21:28:07:98, Authentication, "Invalid Access Error", ID_0321,
2019-12-04, 21:28:07:98, Authentication, "Invalid Access Error", ID_0321,
2019-12-04, 21:28:07:98, Authentication, "Invalid Access Error", ID_0321,
2019-12-04, 21:28:07:98, Authentication, "Invalid Access Error", ID_0321,
2019-12-04, 21:28:07:98, Authentication, "Invalid Access Error", ID_0321,
2019-12-04, 21:28:07:98, Authentication, "Invalid Access Error", ID_0321,
2019-12-04, 21:28:07:98, Authentication, "Invalid Access Error", ID_0321,
2019-12-04, 21:28:07:98, Authentication, "Invalid Access Error", ID_0321,
2019-12-04, 21:28:07:98, Authentication, "Invalid Access Error", ID_0321,
2019-12-04, 21:28:07:98, Authentication, "Invalid Access Error", ID_0321,
2019-12-04, 21:47:39:14, Registration, "Data Store Error", ID_0001,
2019-12-04, 21:47:39:14, Authorization, "Invalid Access Error", ID_0321,
2019-12-04, 21:47:39:15, Authorization, "Invalid Access Error", ID_0321,
2019-12-04, 21:47:39:15, Authorization, "Invalid Access Error", ID_0321,
2019-12-04, 21:47:39:15, Authorization, "Invalid Access Error", ID_0321,
2019-12-04, 21:47:39:15, Authorization, "Invalid Access Error", ID_0321,
2019-12-04, 21:47:39:15, Authorization, "Invalid Access Error", ID_0321,
2019-12-04, 21:47:39:15, Authorization, "Invalid Access Error", ID_0321,
2019-12-04, 21:47:39:15, Authorization, "Invalid Access Error", ID_0321,
2019-12-04, 21:47:39:15, Authorization, "Invalid Access Error", ID_0321,
2019-12-04, 21:47:39:15, Authorization, "Invalid Access Error", ID_0321,
2019-12-04, 21:47:39:15, Authorization, "Invalid Access Error", ID_0321,
2019-12-04, 21:47:39:15, Authorization, "Invalid Access Error", ID_0321,
2019-12-04, 21:47:39:15, Authorization, "Invalid Access Error", ID_0321,
2019-12-04, 21:47:39:15, Authorization, "Invalid Access Error", ID_0321,
2019-12-04, 21:47:39:15, Authorization, "Invalid Access Error", ID_0321,
2019-12-04, 21:47:39:15, Authorization, "Invalid Access Error", ID_0321,
2019-12-04, 21:47:39:15, Authorization, "Invalid Access Error", ID_0321,
2019-12-04, 21:47:39:15, Authorization, "Invalid Access Error", ID_0321,
2019-12-04, 21:47:39:15, Authorization, "Invalid Access Error", ID_0321,
2019-12-04, 21:47:39:15, Authorization, "Invalid Access Error", ID_0321,
2019-12-04, 21:47:39:15, Authorization, "Invalid Access Error", ID_0321,
2019-12-04, 21:47:39:15, Authorization, "Invalid Access Error", ID_0321,
2019-12-04, 21:47:39:15, Authorization, "Invalid Access Error", ID_0321,
2019-12-04, 21:47:39:15, Authorization, "Invalid Access Error", ID_0321,
2019-12-04, 21:47:39:15, Authorization, "Invalid Access Error", ID_0321,
2019-12-04, 21:47:39:15, Authorization, "Invalid Access Error", ID_0321,
2019-12-04, 21:47:39:15, Authorization, "Invalid Access Error", ID_0321,
2019-12-04, 21:47:39:15, Authorization, "Invalid Access Error", ID_0321,
2019-12-04, 21:47:39:15, Authorization, "Invalid Access Error", ID_0321,
2019-12-04, 21:47:39:15, Authorization, "Invalid Access Error", ID_0321,
2019-12-04, 21:47:39:15, Authorization, "Invalid Access Error", ID_0321,
2019-12-04, 21:47:39:15, Authorization, "Invalid Access Error", ID_0321,
2019-12-04, 21:47:39:15, Authorization, "Invalid Access Error", ID_0321,
2019-12-04, 21:47:39:15, Authorization, "Invalid Access Error", ID_0321,
2019-12-04, 21:47:39:15, Authorization, "Invalid Access Error", ID_0321,
2019-12-04, 21:47:39:15, Authorization, "Invalid Access Error", ID_0321,
2019-12-04, 21:47:39:15, Authorization, "Invalid Access Error", ID_0321,
2019-12-04, 21:47:39:15, Authorization, "Invalid Access Error", ID_0321,
2019-12-04, 21:47:39:15, Authorization, "Invalid Access Error", ID_0321,
2019-12-04, 21:47:39:15, Authorization, "Invalid Access Error", ID_0321,
2019-12-04, 21:47:39:15, Authorization, "Invalid Access Error", ID_0321,
2019-12-04, 21:47:39:15, Authorization, "Invalid Access Error", ID_0321,
2019-12-04, 21:47:39:15, Authorization, "Invalid Access Error", ID_0321,
2019-12-04, 21:47:39:15, Authorization, "Invalid Access Error", ID_0321,
2019-12-04, 21:47:39:15, Authorization, "Invalid Access Error", ID_0321,
2019-12-04, 21:47:39:15, Authorization, "Invalid Access Error", ID_0321,
2019-12-04, 21:47:39:15, Authorization, "Invalid Access Error", ID_0321,
2019-12-04, 21:47:39:15, Authorization, "Invalid Access Error", ID_0321,
2019-12-04, 21:47:39:15, Authorization, "Invalid Access Error", ID_0321,
2019-12-04, 21:47:39:15, Authorization, "Invalid Access Error", ID_0321,
2019-12-04, 21:47:39:15, Authorization, "Invalid Access Error", ID_0321,
2019-12-04, 21:47:39:15, Authorization, "Invalid Access Error", ID_0321,
2019-12-04, 21:47:39:15, Authorization, "Invalid Access Error", ID_0321,
2019-12-04, 21:47:39:15, Authorization, "Invalid Access Error", ID_0321,
2019-12-04, 21:47:39:15, Authorization, "Invalid Access Error", ID_0321,
2019-12-04, 21:47:39:15, Authorization, "Invalid Access Error", ID_0321,
2019-12-04, 21:47:39:15, Authorization, "Invalid Access Error", ID_0321,
2019-12-04, 21:47:39:15, Authorization, "Invalid Access Error", ID_0321,
2019-12-04, 21:47:39:15, Authorization, "Invalid Access Error", ID_0321,
2019-12-04, 21:47:39:15, Authorization, "Invalid Access Error", ID_0321,
2019-12-04, 21:47:39:15, Authorization, "Invalid Access Error", ID_0321,
2019-12-04, 21:47:39:15, Authorization, "Invalid Access Error", ID_0321,
2019-12-04, 21:47:39:15, Authorization, "Invalid Access Error", ID_0321,
2019-12-04, 21:47:39:15, Authorization, "Invalid Access Error", ID_0321,
2019-12-04, 21:47:39:15, Authorization, "Invalid Access Error", ID_0321,
2019-12-04, 21:47:39:15, Authorization, "Invalid Access Error", ID_0321,
2019-12-04, 21:47:39:15, Authorization, "Invalid Access Error", ID_0321,
2019-12-04, 21:47:39:15, Authorization, "Invalid Access Error", ID_0321,
2019-12-04, 21:47:39:15, Authorization, "Invalid Access Error", ID_0321,
2019-12-04, 21:47:39:15, Authorization, "Invalid Access Error", ID_0321,
2019-12-04, 21:47:39:15, Authorization, "Invalid Access Error", ID_0321,
2019-12-04, 21:47:39:15, Authorization, "Invalid Access Error", ID_0321,
2019-12-04, 21:47:39:15, Authorization, "Invalid Access Error", ID_0321,
2019-12-04, 21:47:39:15, Authorization, "Invalid Access Error", ID_0321,
2019-12-04, 21:47:39:15, Authorization, "Invalid Access Error", ID_0321,
2019-12-04, 21:47:39:15, Authorization, "Invalid Access Error", ID_0321,
2019-12-04, 21:47:39:15, Authorization, "Invalid Access Error", ID_0321,
2019-12-04, 21:47:39:15, Authorization, "Invalid Access Error", ID_0321,
2019-12-04, 21:47:39:15, Authorization, "Invalid Access Error", ID_0321,
2019-12-04, 21:47:39:15, Authorization, "Invalid Access Error", ID_0321,
2019-12-04, 21:47:39:15, Authorization, "Invalid Access Error", ID_0321,
2019-12-04, 21:47:39:15, Authorization, "Invalid Access Error", ID_0321,
2019-12-04, 21:47:39:15, Authorization, "Invalid Access Error", ID_0321,
2019-12-04, 21:47:39:15, Authorization, "Invalid Access Error", ID_0321,
2019-12-04, 21:47:39:15, Authorization, "Invalid Access Error", ID_0321,
2019-12-04, 21:47:39:15, Authorization, "Invalid Access Error", ID_0321,
2019-12-04, 21:47:39:15, Authorization, "Invalid Access Error", ID_0321,
2019-12-04, 21:47:39:15, Authorization, "Invalid Access Error", ID_0321,
2019-12-04, 21:47:39:15, Authorization, "Invalid Access Error", ID_0321,
2019-12-04, 21:47:39:15, Authorization, "Invalid Access Error", ID_0321,
2019-12-04, 21:47:39:15, Authorization, "Invalid Access Error", ID_0321,
2019-12-04, 21:47:39:15, Authorization, "Invalid Access Error", ID_0321,
2019-12-04, 21:47:39:15, Authorization, "Invalid Access Error", ID_0321,
2019-12-04, 21:47:39:15, Authorization, "Invalid Access Error", ID_0321,
2019-12-04, 21:47:39:15, Authorization, "Invalid Access Error", ID_0321,
2019-12-04, 21:47:39:15, Authorization, "Invalid Access Error", ID_0321,
2019-12-04, 21:47:39:15, Authorization, "Invalid Access Error", ID_0321,
2019-12-04, 21:47:39:15, Authorization, "Invalid Access Error", ID_0321,
2019-12-04, 21:47:39:15, Authorization, "Invalid Access Error", ID_0321,
2019-12-04, 21:47:39:15, Authorization, "Invalid Access Error", ID_0321,
